{
  "project_rumor": {
    "00": 478,
    "11": 522,
    "01": 0,
    "10": 0
  },
  "parameter_sweep": {
    "amplitude": {
      "gamma": [
        0.1,
        0.3,
        0.5,
        0.7,
        0.9
      ],
      "swap_success_mean": [
        89.792,
        69.954,
        50.047,
        30.1,
        9.917
      ],
      "swap_success_std": [
        0.35726180876214614,
        0.35505492532845984,
        0.42334501296224086,
        0.4438468204234428,
        0.2502418829852427
      ],
      "eedt_success_mean": [
        90.093,
        70.07199999999999,
        50.065999999999995,
        30.114000000000004,
        9.932
      ],
      "eedt_success_std": [
        0.3137212138188939,
        0.32841437240169447,
        0.4006544645951182,
        0.3241049212832173,
        0.29915882069562993
      ],
      "eedt_safe_mean": [
        9.907,
        29.928000000000004,
        49.934000000000005,
        69.886,
        90.06799999999998
      ],
      "eedt_safe_std": [
        0.3137212138188939,
        0.32841437240169674,
        0.4006544645951178,
        0.3241049212832142,
        0.29915882069563204
      ],
      "eedt_fatal_mean": [
        0.0,
        0.0,
        0.0,
        0.0,
        0.0
      ],
      "eedt_fatal_std": [
        0.0,
        0.0,
        0.0,
        0.0,
        0.0
      ]
    },
    "phase": {
      "gamma": [
        0.1,
        0.3,
        0.5,
        0.7,
        0.9
      ],
      "swap_success_mean": [
        100.0,
        100.0,
        100.0,
        100.0,
        100.0
      ],
      "swap_success_std": [
        0.0,
        0.0,
        0.0,
        0.0,
        0.0
      ],
      "eedt_success_mean": [
        90.023,
        70.033,
        50.096000000000004,
        29.818,
        9.924000000000001
      ],
      "eedt_success_std": [
        0.2887923129170841,
        0.47444810042827756,
        0.28153862967628385,
        0.6385577499333954,
        0.27800000000000014
      ],
      "eedt_safe_mean": [
        9.977,
        29.967000000000002,
        49.903999999999996,
        70.18199999999999,
        90.076
      ],
      "eedt_safe_std": [
        0.28879231291708585,
        0.4744481004282778,
        0.2815386296762839,
        0.6385577499333946,
        0.27799999999999914
      ],
      "eedt_fatal_mean": [
        0.0,
        0.0,
        0.0,
        0.0,
        0.0
      ],
      "eedt_fatal_std": [
        0.0,
        0.0,
        0.0,
        0.0,
        0.0
      ]
    },
    "depolarizing": {
      "gamma": [
        0.1,
        0.3,
        0.5,
        0.7,
        0.9
      ],
      "swap_success_mean": [
        94.929,
        85.06,
        75.022,
        65.227,
        54.75600000000001
      ],
      "swap_success_std": [
        0.1962880536354685,
        0.4578209256903846,
        0.3491647175761037,
        0.5480337580843002,
        0.25796123739817967
      ],
      "eedt_success_mean": [
        90.08,
        70.02799999999999,
        50.007,
        30.008000000000003,
        10.004000000000001
      ],
      "eedt_success_std": [
        0.23554192832699827,
        0.5143500753377968,
        0.32351352367404923,
        0.49616126410674183,
        0.23346091750012457
      ],
      "eedt_safe_mean": [
        9.92,
        29.972,
        49.993,
        69.99199999999999,
        89.996
      ],
      "eedt_safe_std": [
        0.2355419283269962,
        0.5143500753377996,
        0.3235135236740498,
        0.4961612641067409,
        0.23346091750012093
      ],
      "eedt_fatal_mean": [
        0.0,
        0.0,
        0.0,
        0.0,
        0.0
      ],
      "eedt_fatal_std": [
        0.0,
        0.0,
        0.0,
        0.0,
        0.0
      ]
    }
  }
}